data,gender,universityType,courseAreaGeneral,courseName,parentsEducation,basicSchoolType,childhoodHobbiesTime,childhoodMainActivities,currentCourseDesired,currentCourseIdentification,familyInfluence,motivesOrder,societalContribution,financialReturn,financialReturnTime,courseAvailability,familyInCourseArea,futureProfessionalSelf,stemCareerInterest,stemCareerEverInterest,stemCareerDesistanceReason,schoolExactInterestByGender,preCollegeExactInterestLevel,familySchoolPerformanceValue,teacherPerformanceValue,scienceReference,admiredExactTeachersGender,lostInterestExactSciences,mainReasonLeavingSTEM,feltSTEMNotForMeEver,feelingExcludedTech,feelingExcludedExact,familyStudyIncentive,activityGenderRestriction,professionsByGenderOpinion,professionSuitabilityOpinion
27/08/2025 07:52:49,genero-masculino,undergraduate,exatas,Ciência da computação ,medio-incompleto,privado-publico,as-vezes,"brincar-esportes,jogar-videogame",nao-primeira-opcao,sim-parcialmente,sim-em-parte,"Expectativa de boa remuneração ou estabilidade financeira,Facilidade de acesso ao curso (proximidade, nota do Enem, bolsa, etc.),Poucas opções disponíveis no momento da escolha,Indecisão: escolhi por não saber o que queria fazer,Afinidade com a área / interesse pessoal pelos temas do curso,Influência de familiares (pais, responsáveis, parentes),Identificação com o tipo de profissional que atua na área,Influência de amigos(as) ou conhecidos(as) que também escolheram esse curso,Pressão familiar para escolher determinada área,Escolhi por já ter experiências anteriores (ex: curso técnico, estágio, trabalho)",contribuicao-nao-importante,alguma-influencia,retorno-demorado,falta-opcoes,primeiro-da-familia,4,4,nao,,meninos,algum-interesse,valorizava-eventualmente,tratavam-neutro,Sagan,masculino,nunca-tive-interesse,nao-era-pra-mim,sim-ja-senti,2,3,4,1,3,2
27/08/2025 08:43:18,genero-feminino,undergraduate,exatas,Ciência da computação ,fundamental-completo,publico-publico,sim-tempo-apoio,"brincar-esportes,desenhar-pintar",nao-primeira-opcao,sim-parcialmente,sim-em-parte,"Afinidade com a área / interesse pessoal pelos temas do curso,Influência de familiares (pais, responsáveis, parentes),Expectativa de boa remuneração ou estabilidade financeira,Facilidade de acesso ao curso (proximidade, nota do Enem, bolsa, etc.)",contribuicao-importante,principal-fator,retorno-demorado,falta-opcoes,uma-pessoa-proxima,4,4,sim,nao-desisti,meninos,muito-interesse,valorizava-muito,maioria-valorizava,Ada Lovelace,ambos,sim-perdi,nunca-afastado,sim-ja-senti,2,2,5,4,1,1
27/08/2025 08:43:37,genero-masculino,undergraduate,exatas,Ciência da computação ,medio-completo,publico-publico,as-vezes,"ler-livros,jogar-videogame,brincar-esportes",desde-medio,sim-parcialmente,nao-baseado-no-que-queria,"Afinidade com a área / interesse pessoal pelos temas do curso,Expectativa de boa remuneração ou estabilidade financeira,Identificação com o tipo de profissional que atua na área",contribuicao-nao-importante,principal-fator,retorno-demorado,opcoes-limitadas,primeiro-da-familia,4,4,sim,nao-desisti,meninos,muito-interesse,valorizava-muito,alguns-valorizavam, ,ambos,sim-perdi,nunca-afastado,nunca-pensei,3,3,4,2,4,1
27/08/2025 08:45:42,genero-feminino,undergraduate,exatas,Ciência da computação ,superior-completo,publico-privado,as-vezes,"brincar-esportes,jogar-videogame",desde-medio,sim-completamente,nao-baseado-no-que-queria,"Identificação com o tipo de profissional que atua na área,Expectativa de boa remuneração ou estabilidade financeira,Afinidade com a área / interesse pessoal pelos temas do curso",contribuicao-importante,alguma-influencia,retorno-demorado,opcoes-limitadas,mais-de-uma-pessoa,5,5,sim,nao-desisti,meninos,muito-interesse,valorizava-moderadamente,maioria-valorizava,Marie Curie ,feminino,sim-perdi,nao-era-pra-mim,sim-ja-senti,3,2,5,2,1,4
27/08/2025 08:46:29,genero-masculino,undergraduate,exatas,Ciência da computação ,medio-completo,publico-publico,as-vezes,"jogar-videogame,desenhar-pintar,brincar-esportes",desde-medio,sim-parcialmente,nao-muito,"Afinidade com a área / interesse pessoal pelos temas do curso,Escolhi por já ter experiências anteriores (ex: curso técnico, estágio, trabalho),Expectativa de boa remuneração ou estabilidade financeira,Influência de amigos(as) ou conhecidos(as) que também escolheram esse curso",contribuicao-nao-importante,principal-fator,retorno-demorado,opcoes-limitadas,primeiro-da-familia,4,3,nao-tenho-certeza,,meninos,pouco-interesse,valorizava-moderadamente,alguns-valorizavam,.,masculino,sim-perdi,nao-era-pra-mim,sim-ja-senti,2,4,4,1,2,3
27/08/2025 08:47:54,genero-masculino,undergraduate,exatas,Ciência da Computação (Bacharelado),fundamental-incompleto,publico-publico,as-vezes,"jogar-videogame,brincar-esportes,ler-livros",desde-fundamental,nao-sabia,nao-baseado-no-que-queria,"Afinidade com a área / interesse pessoal pelos temas do curso,Identificação com o tipo de profissional que atua na área,Expectativa de boa remuneração ou estabilidade financeira,Indecisão: escolhi por não saber o que queria fazer",contribuicao-nao-importante,alguma-influencia,nao-influenciou,opcoes-limitadas,primeiro-da-familia,4,5,nao-tenho-certeza,,meninas,algum-interesse,valorizava-muito,maioria-valorizava,Stephen Hawking,feminino,sim-perdi,dificuldade-conteudo,sim-ja-senti,3,4,2,3,3,2
27/08/2025 08:48:23,genero-feminino,undergraduate,exatas,Ciência da computação ,superior-completo,publico-privado,as-vezes,"brincar-esportes,jogar-videogame,desenhar-pintar",nao-primeira-opcao,sim-completamente,nao-baseado-no-que-queria,"Afinidade com a área / interesse pessoal pelos temas do curso,Expectativa de boa remuneração ou estabilidade financeira",contribuicao-nao-importante,principal-fator,retorno-demorado,opcoes-limitadas,primeiro-da-familia,4,4,sim,nao-desisti,meninos,muito-interesse,valorizava-muito,alguns-valorizavam,Marie curie,masculino,sim-perdi,nao-era-pra-mim,sim-ja-senti,4,4,2,4,1,4
27/08/2025 08:49:11,genero-masculino,undergraduate,exatas,ciência da computação ,fundamental-completo,publico-publico,as-vezes,"jogar-videogame,brincar-esportes",nao-primeira-opcao,sim-completamente,nao-baseado-no-que-queria,"Afinidade com a área / interesse pessoal pelos temas do curso,Expectativa de boa remuneração ou estabilidade financeira,Facilidade de acesso ao curso (proximidade, nota do Enem, bolsa, etc.)",contribuicao-nao-importante,alguma-influencia,retorno-demorado,opcoes-limitadas,uma-pessoa-proxima,5,5,sim,nao-desisti,nao-diferenca,muito-interesse,valorizava-moderadamente,maioria-valorizava,. ,nenhum,sim-perdi,dificuldade-conteudo,sim-ja-senti,3,3,5,2,1,2
27/08/2025 08:52:22,genero-feminino,undergraduate,exatas,Ciência da Computação ,pos,privado-publico,sim-tempo-apoio,"jogar-videogame,desenhar-pintar,brincar-esportes",desde-medio,sim-completamente,sim-em-parte,"Afinidade com a área / interesse pessoal pelos temas do curso,Influência de familiares (pais, responsáveis, parentes),Expectativa de boa remuneração ou estabilidade financeira",contribuicao-nao-importante,alguma-influencia,nao-influenciou,opcoes-limitadas,uma-pessoa-proxima,5,5,sim,nao-desisti,nao-diferenca,algum-interesse,valorizava-moderadamente,alguns-valorizavam,.,ambos,nao-perdi,dificuldade-conteudo,nao-nunca-senti,3,2,5,5,2,3
27/08/2025 08:53:02,genero-feminino,undergraduate,exatas,Ciência da computação ,medio-completo,privado-privado,as-vezes,"desenhar-pintar,jogar-videogame,ler-livros",desde-medio,sim-completamente,nao-muito,"Afinidade com a área / interesse pessoal pelos temas do curso,Identificação com o tipo de profissional que atua na área,Influência de amigos(as) ou conhecidos(as) que também escolheram esse curso",contribuicao-nao-importante,alguma-influencia,nao-influenciou,opcoes-limitadas,primeiro-da-familia,4,4,sim,nao-desisti,nao-diferenca,muito-interesse,valorizava-moderadamente,alguns-valorizavam,Marie Curie,masculino,nao-perdi,dificuldade-conteudo,sim-ja-senti,2,3,1,2,1,1
27/08/2025 08:53:13,genero-feminino,undergraduate,exatas,Bacharelado em Ciência da Computação ,superior-completo,privado-publico,sim-tempo-apoio,"brincar-esportes,jogar-videogame,desenhar-pintar,ler-livros",desde-medio,sim-completamente,nao-muito,"Identificação com o tipo de profissional que atua na área,Expectativa de boa remuneração ou estabilidade financeira,Facilidade de acesso ao curso (proximidade, nota do Enem, bolsa, etc.),Afinidade com a área / interesse pessoal pelos temas do curso,Poucas opções disponíveis no momento da escolha,Influência de amigos(as) ou conhecidos(as) que também escolheram esse curso,Influência de familiares (pais, responsáveis, parentes),Pressão familiar para escolher determinada área,Escolhi por já ter experiências anteriores (ex: curso técnico, estágio, trabalho),Indecisão: escolhi por não saber o que queria fazer",contribuicao-nao-importante,principal-fator,retorno-demorado,opcoes-limitadas,parentes-distantes,4,5,sim,nao-desisti,meninos,muito-interesse,valorizava-muito,alguns-valorizavam,Gustavo Guanabara (Curso em Video),ambos,sim-perdi,nao-era-pra-mim,sim-ja-senti,4,4,5,4,1,3
27/08/2025 08:54:30,genero-masculino,undergraduate,exatas,Ciência da Computação ,mestrado,privado-privado,sim-tempo-apoio,"jogar-videogame,brincar-esportes",nao-primeira-opcao,sim-completamente,nao-baseado-no-que-queria,"Afinidade com a área / interesse pessoal pelos temas do curso,Identificação com o tipo de profissional que atua na área,Expectativa de boa remuneração ou estabilidade financeira",contribuicao-importante,alguma-influencia,retorno-rapido,nao-influenciou,primeiro-da-familia,5,5,sim,nao-desisti,meninos,muito-interesse,valorizava-muito,alguns-valorizavam,"Einstein, Tesla,…",ambos,nao-perdi,nunca-afastado,nunca-pensei,1,1,5,1,3,4
27/08/2025 08:57:27,genero-masculino,undergraduate,exatas,Ciência da Computação,superior-incompleto,publico-publico,sim-tempo-apoio,"jogar-videogame,brincar-esportes,programar-montar",desde-medio,sim-completamente,nao-baseado-no-que-queria,"Afinidade com a área / interesse pessoal pelos temas do curso,Identificação com o tipo de profissional que atua na área,Escolhi por já ter experiências anteriores (ex: curso técnico, estágio, trabalho),Facilidade de acesso ao curso (proximidade, nota do Enem, bolsa, etc.)",contribuicao-importante,alguma-influencia,nao-considerei,opcoes-limitadas,primeiro-da-familia,5,5,sim,nao-desisti,nao-diferenca,muito-interesse,valorizava-moderadamente,maioria-valorizava,.,masculino,nao-perdi,nunca-afastado,nao-nunca-senti,1,1,2,1,1,1
27/08/2025 14:07:08,genero-feminino,undergraduate,exatas,Ciência da Computação ,medio-completo,publico-publico,sim-tempo-apoio,"ler-livros,brincar-esportes,jogar-videogame,desenhar-pintar,estudar-por-conta",nao-primeira-opcao,nao-sabia,sim-em-parte,"Poucas opções disponíveis no momento da escolha,Indecisão: escolhi por não saber o que queria fazer,Facilidade de acesso ao curso (proximidade, nota do Enem, bolsa, etc.),Afinidade com a área / interesse pessoal pelos temas do curso,Pressão familiar para escolher determinada área",contribuicao-importante,nao-influenciou,nao-influenciou,falta-opcoes,parentes-distantes,3,4,sim,poucas-oportunidades,meninos,muito-interesse,valorizava-eventualmente,maioria-valorizava,.,masculino,sim-perdi,dificuldade-conteudo,nao-nunca-senti,2,3,4,2,1,1
02/09/2025 09:35:10,genero-feminino,undergraduate,exatas,Ciências da computação ,superior-completo,privado-privado,as-vezes,"ler-livros,jogar-videogame,estudar-por-conta",desde-medio,sim-completamente,nao-muito,"Afinidade com a área / interesse pessoal pelos temas do curso,Expectativa de boa remuneração ou estabilidade financeira",contribuicao-nao-importante,principal-fator,retorno-demorado,opcoes-limitadas,parentes-distantes,4,4,sim,nao-desisti,meninos,algum-interesse,valorizava-muito,alguns-valorizavam,.,ambos,sim-perdi,dificuldade-conteudo,sim-ja-senti,3,5,4,5,2,4
02/09/2025 09:35:28,genero-feminino,undergraduate,exatas,Ciência da Computação,superior-completo,publico-publico,as-vezes,"ler-livros,jogar-videogame,desenhar-pintar,estudar-por-conta",depois-medio,sim-parcialmente,nao-baseado-no-que-queria,"Afinidade com a área / interesse pessoal pelos temas do curso,Expectativa de boa remuneração ou estabilidade financeira,Poucas opções disponíveis no momento da escolha",contribuicao-importante,alguma-influencia,nao-considerei,falta-opcoes,primeiro-da-familia,5,5,sim,nao-desisti,meninos,algum-interesse,valorizava-muito,maioria-valorizava,.,nenhum,sim-perdi,dificuldade-conteudo,sim-ja-senti,3,3,4,2,1,4
02/09/2025 09:45:10,genero-masculino,undergraduate,exatas,Ciência da computação ,pos,privado-publico,sim-tempo-apoio,"ler-livros,brincar-esportes,jogar-videogame,desenhar-pintar",desde-medio,sim-completamente,sim-principal-motivacao,"Afinidade com a área / interesse pessoal pelos temas do curso,Expectativa de boa remuneração ou estabilidade financeira,Influência de amigos(as) ou conhecidos(as) que também escolheram esse curso,Escolhi por já ter experiências anteriores (ex: curso técnico, estágio, trabalho),Identificação com o tipo de profissional que atua na área",contribuicao-importante,alguma-influencia,retorno-demorado,opcoes-limitadas,uma-pessoa-proxima,4,4,nao-tenho-certeza,,meninos,muito-interesse,valorizava-muito,alguns-valorizavam,.,masculino,nao-perdi,nunca-afastado,sim-ja-senti,1,1,5,1,4,4
02/09/2025 09:51:53,genero-masculino,undergraduate,exatas,Ciência da computação ,superior-completo,publico-publico,sim-tempo-apoio,"jogar-videogame,desenhar-pintar,programar-montar",desde-medio,sim-completamente,nao-muito,"Escolhi por já ter experiências anteriores (ex: curso técnico, estágio, trabalho),Afinidade com a área / interesse pessoal pelos temas do curso,Identificação com o tipo de profissional que atua na área,Expectativa de boa remuneração ou estabilidade financeira",contribuicao-nao-importante,alguma-influencia,retorno-demorado,opcoes-limitadas,primeiro-da-familia,4,4,nao-tenho-certeza,,meninos,algum-interesse,valorizava-moderadamente,alguns-valorizavam,.,masculino,sim-perdi,nunca-afastado,nunca-pensei,2,3,4,1,4,5
02/09/2025 09:54:48,genero-masculino,undergraduate,exatas,Ciência da Computação ,superior-completo,publico-publico,sim-tempo-apoio,"ler-livros,brincar-esportes,jogar-videogame,desenhar-pintar,programar-montar,estudar-por-conta",desde-fundamental,sim-completamente,nao-baseado-no-que-queria,"Afinidade com a área / interesse pessoal pelos temas do curso,Identificação com o tipo de profissional que atua na área,Expectativa de boa remuneração ou estabilidade financeira,Escolhi por já ter experiências anteriores (ex: curso técnico, estágio, trabalho)",contribuicao-importante,alguma-influencia,nao-influenciou,opcoes-limitadas,primeiro-da-familia,5,5,sim,nao-desisti,meninos,pouco-interesse,valorizava-moderadamente,alguns-valorizavam,.,feminino,sim-perdi,dificuldade-conteudo,sim-ja-senti,2,4,5,1,1,3
02/09/2025 10:00:34,genero-masculino,undergraduate,exatas,Ciência da Computação,superior-completo,privado-publico,sim-tempo-apoio,jogar-videogame,desde-medio,sim-parcialmente,nao-muito,"Afinidade com a área / interesse pessoal pelos temas do curso,Escolhi por já ter experiências anteriores (ex: curso técnico, estágio, trabalho),Facilidade de acesso ao curso (proximidade, nota do Enem, bolsa, etc.)",contribuicao-nao-importante,nao-pensei-sobre,retorno-demorado,opcoes-limitadas,primeiro-da-familia,4,4,sim,nao-desisti,meninos,muito-interesse,valorizava-moderadamente,tratavam-neutro,"Brian Kernighan, Paulo Feofiloff, Valdigleis",nenhum,nunca-tive-interesse,nao-era-pra-mim,sim-ja-senti,3,3,3,3,4,4
02/09/2025 10:31:58,genero-masculino,undergraduate,exatas,Ciência da Computação,medio-completo,publico-publico,as-vezes,"ler-livros,jogar-videogame,programar-montar",depois-medio,sim-parcialmente,nao-baseado-no-que-queria,"Afinidade com a área / interesse pessoal pelos temas do curso,Identificação com o tipo de profissional que atua na área,Expectativa de boa remuneração ou estabilidade financeira",contribuicao-nao-importante,alguma-influencia,retorno-demorado,opcoes-limitadas,mais-de-uma-pessoa,4,4,sim,nao-desisti,meninos,muito-interesse,valorizava-moderadamente,maioria-valorizava,Donald Knuth,masculino,nao-perdi,falta-oportunidades,sim-ja-senti,1,1,4,1,1,1
02/09/2025 10:47:19,genero-masculino,undergraduate,exatas,Ciências da Computação,fundamental-incompleto,publico-publico,sim-tempo-apoio,"brincar-esportes,jogar-videogame,programar-montar",desde-medio,nao-sabia,nao-baseado-no-que-queria,"Identificação com o tipo de profissional que atua na área,Afinidade com a área / interesse pessoal pelos temas do curso,Influência de amigos(as) ou conhecidos(as) que também escolheram esse curso",contribuicao-nao-importante,nao-pensei-sobre,nao-considerei,opcoes-limitadas,parentes-distantes,4,4,sim,nao-desisti,meninos,algum-interesse,valorizava-muito,tratavam-neutro,.,nenhum,nunca-tive-interesse,nunca-afastado,sim-ja-senti,2,3,4,2,2,2
02/09/2025 10:53:11,genero-masculino,undergraduate,exatas,Ciência da Computação ,superior-completo,publico-publico,sim-tempo-apoio,"brincar-esportes,desenhar-pintar,estudar-por-conta,jogar-videogame",nao-primeira-opcao,sim-completamente,sim-em-parte,"Poucas opções disponíveis no momento da escolha,Facilidade de acesso ao curso (proximidade, nota do Enem, bolsa, etc.),Indecisão: escolhi por não saber o que queria fazer",contribuicao-nao-importante,nao-influenciou,nao-influenciou,falta-opcoes,mais-de-uma-pessoa,5,5,sim,nao-desisti,meninas,muito-interesse,valorizava-moderadamente,maioria-valorizava,.,feminino,sim-perdi,falta-oportunidades,nunca-pensei,2,2,5,1,1,2
02/09/2025 10:55:35,genero-masculino,undergraduate,exatas,Ciência da Computação ,medio-completo,privado-privado,raramente-responsabilidades,"brincar-esportes,jogar-videogame,estudar-por-conta",nao-primeira-opcao,nao,sim-em-parte,"Expectativa de boa remuneração ou estabilidade financeira,Identificação com o tipo de profissional que atua na área,Afinidade com a área / interesse pessoal pelos temas do curso",contribuicao-nao-importante,principal-fator,retorno-demorado,falta-opcoes,uma-pessoa-proxima,3,3,sim,falta-identificacao,nao-diferenca,algum-interesse,valorizava-muito,alguns-valorizavam,.,ambos,nao-perdi,falta-oportunidades,sim-ja-senti,2,2,5,1,5,1
02/09/2025 10:56:18,genero-masculino,undergraduate,exatas,Ciência da Computação,superior-completo,publico-publico,as-vezes,"jogar-videogame,brincar-esportes,ler-livros,programar-montar",desde-medio,sim-completamente,nao-baseado-no-que-queria,"Afinidade com a área / interesse pessoal pelos temas do curso,Pressão familiar para escolher determinada área,Expectativa de boa remuneração ou estabilidade financeira",contribuicao-nao-importante,alguma-influencia,nao-influenciou,opcoes-limitadas,primeiro-da-familia,4,4,sim,nao-desisti,meninos,algum-interesse,valorizava-muito,alguns-valorizavam,.,nenhum,sim-perdi,falta-apoio-familiar,sim-ja-senti,3,3,5,3,2,3
02/09/2025 10:58:08,genero-masculino,undergraduate,exatas,Ciência da Computação,pos,privado-publico,as-vezes,"ler-livros,jogar-videogame,desenhar-pintar,programar-montar,estudar-por-conta",nao-primeira-opcao,sim-parcialmente,sim-em-parte,"Afinidade com a área / interesse pessoal pelos temas do curso,Poucas opções disponíveis no momento da escolha,Influência de familiares (pais, responsáveis, parentes),Expectativa de boa remuneração ou estabilidade financeira",nao-considero-importante,alguma-influencia,retorno-demorado,falta-opcoes,uma-pessoa-proxima,4,4,sim,nao-desisti,meninos,algum-interesse,valorizava-muito,maioria-valorizava,.,feminino,nao-perdi,nunca-afastado,nunca-pensei,1,3,5,3,3,3
02/09/2025 10:59:10,genero-masculino,undergraduate,exatas,Ciência da Computação ,medio-completo,privado-publico,as-vezes,"brincar-esportes,jogar-videogame",desde-medio,sim-completamente,nao-muito,"Afinidade com a área / interesse pessoal pelos temas do curso,Expectativa de boa remuneração ou estabilidade financeira,Facilidade de acesso ao curso (proximidade, nota do Enem, bolsa, etc.),Influência de amigos(as) ou conhecidos(as) que também escolheram esse curso,Identificação com o tipo de profissional que atua na área,Influência de familiares (pais, responsáveis, parentes),Poucas opções disponíveis no momento da escolha,Escolhi por já ter experiências anteriores (ex: curso técnico, estágio, trabalho),Indecisão: escolhi por não saber o que queria fazer,Pressão familiar para escolher determinada área",contribuicao-importante,alguma-influencia,retorno-demorado,opcoes-limitadas,mais-de-uma-pessoa,4,4,sim,nao-desisti,meninos,muito-interesse,valorizava-moderadamente,alguns-valorizavam,. ,masculino,sim-perdi,nunca-afastado,nao-nunca-senti,2,1,5,3,3,2
02/09/2025 11:00:31,genero-masculino,undergraduate,exatas,Ciência da computação ,medio-completo,privado-publico,as-vezes,"brincar-esportes,jogar-videogame,programar-montar,desenhar-pintar",desde-medio,sim-completamente,nao-muito,"Afinidade com a área / interesse pessoal pelos temas do curso,Identificação com o tipo de profissional que atua na área,Influência de amigos(as) ou conhecidos(as) que também escolheram esse curso,Expectativa de boa remuneração ou estabilidade financeira,Facilidade de acesso ao curso (proximidade, nota do Enem, bolsa, etc.),Escolhi por já ter experiências anteriores (ex: curso técnico, estágio, trabalho)",contribuicao-importante,principal-fator,retorno-demorado,opcoes-limitadas,primeiro-da-familia,5,5,sim,nao-desisti,meninos,algum-interesse,valorizava-eventualmente,maioria-valorizava,.,masculino,sim-perdi,falta-apoio-familiar,sim-ja-senti,3,3,4,2,1,5
02/09/2025 11:00:46,genero-masculino,undergraduate,exatas,Ciência da Computação ,superior-completo,publico-publico,sim-tempo-apoio,"brincar-esportes,jogar-videogame,desenhar-pintar,estudar-por-conta",nao-primeira-opcao,sim-completamente,sim-em-parte,"Indecisão: escolhi por não saber o que queria fazer,Poucas opções disponíveis no momento da escolha,Facilidade de acesso ao curso (proximidade, nota do Enem, bolsa, etc.)",contribuicao-nao-importante,nao-pensei-sobre,nao-considerei,falta-opcoes,mais-de-uma-pessoa,5,5,sim,nao-desisti,meninas,muito-interesse,valorizava-moderadamente,maioria-valorizava,Catarina ,feminino,sim-perdi,experiencias-negativas,sim-ja-senti,2,2,5,1,1,1
02/09/2025 11:20:29,genero-masculino,undergraduate,exatas,Ciencia da computação ,pos,privado-publico,sim-tempo-apoio,"jogar-videogame,brincar-esportes",depois-medio,sim-parcialmente,nao-baseado-no-que-queria,"Expectativa de boa remuneração ou estabilidade financeira,Indecisão: escolhi por não saber o que queria fazer,Afinidade com a área / interesse pessoal pelos temas do curso,Facilidade de acesso ao curso (proximidade, nota do Enem, bolsa, etc.)",contribuicao-nao-importante,principal-fator,retorno-demorado,opcoes-limitadas,primeiro-da-familia,4,4,sim,nao-desisti,nao-diferenca,algum-interesse,valorizava-moderadamente,tratavam-neutro,. ,nenhum,sim-perdi,dificuldade-conteudo,sim-ja-senti,2,2,3,2,1,1
02/09/2025 11:26:58,genero-masculino,undergraduate,exatas,Ciências da Computação ,superior-completo,privado-publico,sim-tempo-apoio,"brincar-esportes,jogar-videogame",nao-primeira-opcao,sim-parcialmente,nao-muito,"Expectativa de boa remuneração ou estabilidade financeira,Influência de familiares (pais, responsáveis, parentes),Escolhi por já ter experiências anteriores (ex: curso técnico, estágio, trabalho)",contribuicao-nao-importante,alguma-influencia,retorno-demorado,opcoes-limitadas,primeiro-da-familia,5,5,sim,nao-desisti,meninos,pouco-interesse,valorizava-muito,maioria-valorizava,.,masculino,sim-perdi,falta-oportunidades,sim-ja-senti,2,3,5,2,1,4
02/09/2025 11:28:08,genero-masculino,undergraduate,exatas,Ciência da Computação,medio-completo,publico-publico,sim-tempo-apoio,"brincar-esportes,jogar-videogame,programar-montar",desde-medio,sim-completamente,nao-baseado-no-que-queria,"Facilidade de acesso ao curso (proximidade, nota do Enem, bolsa, etc.),Afinidade com a área / interesse pessoal pelos temas do curso,Identificação com o tipo de profissional que atua na área",contribuicao-nao-importante,alguma-influencia,retorno-rapido,opcoes-limitadas,primeiro-da-familia,4,4,sim,nao-desisti,nao-diferenca,muito-interesse,valorizava-muito,alguns-valorizavam,Bill Gates,masculino,nao-perdi,dificuldade-conteudo,nao-nunca-senti,2,2,3,2,2,4
02/09/2025 11:33:22,genero-feminino,undergraduate,exatas,Ciência da Computação ,fundamental-incompleto,publico-publico,sim-tempo-apoio,"brincar-esportes,jogar-videogame,desenhar-pintar,estudar-por-conta,ler-livros",depois-medio,sim-completamente,nao-baseado-no-que-queria,"Afinidade com a área / interesse pessoal pelos temas do curso,Expectativa de boa remuneração ou estabilidade financeira,Identificação com o tipo de profissional que atua na área",contribuicao-importante,alguma-influencia,nao-influenciou,opcoes-limitadas,mais-de-uma-pessoa,5,5,sim,nao-desisti,meninos,muito-interesse,valorizava-muito,maioria-valorizava,.,ambos,nao-perdi,nunca-afastado,nunca-pensei,1,2,3,2,2,1
02/09/2025 11:36:10,genero-masculino,undergraduate,exatas,Ciência da Computação,superior-completo,privado-publico,sim-tempo-apoio,"brincar-esportes,jogar-videogame,programar-montar,estudar-por-conta",desde-medio,sim-completamente,nao-baseado-no-que-queria,"Afinidade com a área / interesse pessoal pelos temas do curso,Escolhi por já ter experiências anteriores (ex: curso técnico, estágio, trabalho)",contribuicao-importante,nao-influenciou,nao-influenciou,opcoes-limitadas,primeiro-da-familia,3,5,sim,questoes-financeiras,meninos,muito-interesse,valorizava-muito,alguns-valorizavam,Alan Turing,masculino,sim-perdi,falta-oportunidades,nunca-pensei,1,1,3,1,5,5
02/09/2025 11:57:06,genero-masculino,undergraduate,exatas,Ciência da computação ,medio-completo,publico-publico,as-vezes,"brincar-esportes,jogar-videogame",depois-medio,sim-parcialmente,sim-em-parte,"Expectativa de boa remuneração ou estabilidade financeira,Facilidade de acesso ao curso (proximidade, nota do Enem, bolsa, etc.),Escolhi por já ter experiências anteriores (ex: curso técnico, estágio, trabalho),Afinidade com a área / interesse pessoal pelos temas do curso,Influência de familiares (pais, responsáveis, parentes),Influência de amigos(as) ou conhecidos(as) que também escolheram esse curso,Identificação com o tipo de profissional que atua na área,Pressão familiar para escolher determinada área,Poucas opções disponíveis no momento da escolha,Indecisão: escolhi por não saber o que queria fazer",contribuicao-nao-importante,alguma-influencia,retorno-demorado,falta-opcoes,primeiro-da-familia,5,5,sim,nao-desisti,meninas,muito-interesse,valorizava-muito,alguns-valorizavam,Faynman,ambos,nao-perdi,nunca-afastado,sim-ja-senti,3,3,3,1,4,4
02/09/2025 12:38:00,genero-masculino,undergraduate,exatas,Ciência da computação,superior-completo,privado-privado,as-vezes,"jogar-videogame,brincar-esportes",desde-medio,sim-completamente,nao-baseado-no-que-queria,"Identificação com o tipo de profissional que atua na área,Expectativa de boa remuneração ou estabilidade financeira,Afinidade com a área / interesse pessoal pelos temas do curso",contribuicao-nao-importante,alguma-influencia,retorno-demorado,nao-influenciou,parentes-distantes,4,5,sim,nao-desisti,meninos,algum-interesse,valorizava-moderadamente,maioria-valorizava,.,ambos,sim-perdi,nao-era-pra-mim,sim-ja-senti,2,2,5,3,1,2
02/09/2025 12:46:04,genero-masculino,undergraduate,exatas,Ciencias da Computação,pos,privado-privado,as-vezes,"jogar-videogame,brincar-esportes,desenhar-pintar",depois-medio,sim-completamente,nao-baseado-no-que-queria,"Afinidade com a área / interesse pessoal pelos temas do curso,Expectativa de boa remuneração ou estabilidade financeira,Facilidade de acesso ao curso (proximidade, nota do Enem, bolsa, etc.),Identificação com o tipo de profissional que atua na área",contribuicao-nao-importante,principal-fator,retorno-demorado,opcoes-limitadas,primeiro-da-familia,4,3,nao-tenho-certeza,,meninos,algum-interesse,valorizava-muito,tratavam-neutro,.,ambos,sim-perdi,nao-era-pra-mim,sim-ja-senti,3,2,4,1,3,5
02/09/2025 13:34:31,genero-masculino,undergraduate,exatas,Ciência da computação ,fundamental-incompleto,publico-publico,as-vezes,"ler-livros,brincar-esportes",nao-primeira-opcao,sim-parcialmente,nao-baseado-no-que-queria,"Expectativa de boa remuneração ou estabilidade financeira,Facilidade de acesso ao curso (proximidade, nota do Enem, bolsa, etc.),Influência de amigos(as) ou conhecidos(as) que também escolheram esse curso",contribuicao-nao-importante,alguma-influencia,retorno-demorado,nao-influenciou,primeiro-da-familia,4,4,nao,,meninos,muito-interesse,valorizava-muito,alguns-valorizavam,""".""",masculino,nao-perdi,nunca-afastado,nunca-pensei,2,1,3,4,1,1
02/09/2025 14:20:12,genero-masculino,undergraduate,sociais,Adiministração de emoresas,medio-completo,publico-publico,sim-tempo-apoio,"brincar-esportes,desenhar-pintar",nao-primeira-opcao,sim-parcialmente,nao-baseado-no-que-queria,Expectativa de boa remuneração ou estabilidade financeira,contribuicao-importante,principal-fator,retorno-demorado,falta-opcoes,parentes-distantes,5,5,nao-tenho-certeza,,meninas,nenhum-interesse,valorizava-eventualmente,alguns-valorizavam,.,masculino,nao-perdi,dificuldade-conteudo,nunca-pensei,2,2,4,1,1,1
02/09/2025 16:12:47,genero-feminino,undergraduate,sociais,Administração ,medio-completo,publico-publico,sim-tempo-apoio,brincar-esportes,depois-medio,sim-parcialmente,nao-muito,"Afinidade com a área / interesse pessoal pelos temas do curso,Facilidade de acesso ao curso (proximidade, nota do Enem, bolsa, etc.),Identificação com o tipo de profissional que atua na área",contribuicao-nao-importante,alguma-influencia,nao-influenciou,opcoes-limitadas,primeiro-da-familia,2,2,nao,,meninos,pouco-interesse,valorizava-muito,alguns-valorizavam,.,masculino,sim-perdi,dificuldade-conteudo,sim-ja-senti,2,2,4,2,2,2
02/09/2025 16:19:33,genero-feminino,undergraduate,sociais,Administração,superior-incompleto,publico-publico,sim-tempo-apoio,brincar-esportes,desde-medio,sim-parcialmente,sim-em-parte,"Influência de familiares (pais, responsáveis, parentes),Afinidade com a área / interesse pessoal pelos temas do curso,Indecisão: escolhi por não saber o que queria fazer",contribuicao-importante,alguma-influencia,retorno-demorado,falta-opcoes,primeiro-da-familia,3,3,nao-tenho-certeza,,meninos,nenhum-interesse,valorizava-muito,alguns-valorizavam,.,masculino,sim-perdi,dificuldade-conteudo,sim-ja-senti,4,4,4,4,2,2
02/09/2025 18:22:13,genero-feminino,undergraduate,sociais,Administração ,fundamental-incompleto,publico-publico,sim-tempo-apoio,estudar-por-conta,nao-primeira-opcao,sim-parcialmente,nao-baseado-no-que-queria,"Facilidade de acesso ao curso (proximidade, nota do Enem, bolsa, etc.),Poucas opções disponíveis no momento da escolha,Expectativa de boa remuneração ou estabilidade financeira,Afinidade com a área / interesse pessoal pelos temas do curso,Indecisão: escolhi por não saber o que queria fazer,Influência de amigos(as) ou conhecidos(as) que também escolheram esse curso,Identificação com o tipo de profissional que atua na área,Influência de familiares (pais, responsáveis, parentes),Escolhi por já ter experiências anteriores (ex: curso técnico, estágio, trabalho),Pressão familiar para escolher determinada área",contribuicao-nao-importante,nao-influenciou,nao-influenciou,falta-opcoes,primeiro-da-familia,3,3,sim,falta-informacao,meninas,muito-interesse,valorizava-moderadamente,maioria-valorizava,"Sempre admirava os professores de exatas, tive vontade de começar um curso da área das ciências exatas, mas o destino me mostrou outros caminhos.",ambos,nao-perdi,nunca-afastado,nao-nunca-senti,4,1,5,2,1,1
02/09/2025 18:55:03,genero-masculino,undergraduate,exatas,Ciência da computação ,medio-completo,privado-publico,sim-tempo-apoio,"jogar-videogame,brincar-esportes",desde-fundamental,sim-parcialmente,nao-baseado-no-que-queria,"Expectativa de boa remuneração ou estabilidade financeira,Afinidade com a área / interesse pessoal pelos temas do curso,Facilidade de acesso ao curso (proximidade, nota do Enem, bolsa, etc.)",contribuicao-nao-importante,principal-fator,retorno-demorado,opcoes-limitadas,uma-pessoa-proxima,4,4,sim,dificuldade-exatas,meninos,muito-interesse,valorizava-eventualmente,alguns-valorizavam,. ,ambos,sim-perdi,dificuldade-conteudo,sim-ja-senti,4,3,5,4,3,4
02/09/2025 20:23:20,genero-feminino,undergraduate,sociais,Administração ,pos,privado-publico,as-vezes,"brincar-esportes,desenhar-pintar,jogar-videogame",depois-medio,sim-parcialmente,sim-principal-motivacao,"Identificação com o tipo de profissional que atua na área,Influência de familiares (pais, responsáveis, parentes),Afinidade com a área / interesse pessoal pelos temas do curso",nao-considero-importante,alguma-influencia,retorno-demorado,opcoes-limitadas,parentes-distantes,5,5,nao-tenho-certeza,,nao-diferenca,pouco-interesse,valorizava-moderadamente,tratavam-neutro,.,masculino,sim-perdi,dificuldade-conteudo,sim-ja-senti,3,3,4,2,2,2
03/09/2025 10:57:03,genero-feminino,graduate,biologicas,Terapia Ocupacional ,pos,privado-privado,sim-tempo-apoio,"ler-livros,brincar-esportes,jogar-videogame",nao-primeira-opcao,sim-completamente,nao-baseado-no-que-queria,Expectativa de boa remuneração ou estabilidade financeira,contribuicao-importante,principal-fator,retorno-demorado,opcoes-limitadas,primeiro-da-familia,1,1,nao,,meninos,nenhum-interesse,valorizava-moderadamente,poucos-valorizavam,.,masculino,sim-perdi,dificuldade-conteudo,sim-ja-senti,4,5,3,2,1,1
03/09/2025 11:09:35,genero-feminino,undergraduate,exatas,Engenharia de Produção ,superior-completo,publico-privado,sim-tempo-apoio,"brincar-esportes,jogar-videogame,ler-livros,desenhar-pintar,estudar-por-conta",nao-primeira-opcao,sim-completamente,nao-baseado-no-que-queria,"Identificação com o tipo de profissional que atua na área,Influência de amigos(as) ou conhecidos(as) que também escolheram esse curso",contribuicao-nao-importante,nao-pensei-sobre,retorno-demorado,nao-influenciou,uma-pessoa-proxima,5,5,sim,poucas-oportunidades,meninos,pouco-interesse,valorizava-moderadamente,maioria-valorizava,.,ambos,sim-perdi,dificuldade-conteudo,sim-ja-senti,3,2,4,2,1,1
03/09/2025 11:09:38,genero-masculino,undergraduate,exatas,Engenharia de Produção ,fundamental-completo,publico-publico,as-vezes,brincar-esportes,depois-medio,sim-completamente,nao-muito,"Afinidade com a área / interesse pessoal pelos temas do curso,Influência de amigos(as) ou conhecidos(as) que também escolheram esse curso,Expectativa de boa remuneração ou estabilidade financeira",contribuicao-importante,principal-fator,retorno-demorado,opcoes-limitadas,parentes-distantes,5,5,sim,nao-desisti,meninas,muito-interesse,valorizava-moderadamente,maioria-valorizava,.,feminino,nao-perdi,nunca-afastado,nao-nunca-senti,2,2,5,2,2,2
03/09/2025 15:55:25,genero-feminino,graduate,biologicas,Enfermagem ,fundamental-incompleto,publico-publico,raramente-responsabilidades,brincar-esportes,depois-medio,sim-parcialmente,nao-baseado-no-que-queria,"Afinidade com a área / interesse pessoal pelos temas do curso,Identificação com o tipo de profissional que atua na área,Expectativa de boa remuneração ou estabilidade financeira",contribuicao-nao-importante,alguma-influencia,nao-considerei,nao-influenciou,parentes-distantes,2,2,nao,,nao-diferenca,algum-interesse,valorizava-moderadamente,maioria-valorizava,. ,ambos,sim-perdi,nao-era-pra-mim,sim-ja-senti,2,3,3,3,1,3
05/09/2025 07:53:29,genero-feminino,undergraduate,exatas,Engenharia de Produção,pos,publico-publico,as-vezes,"jogar-videogame,estudar-por-conta",desde-medio,sim-parcialmente,nao-muito,"Afinidade com a área / interesse pessoal pelos temas do curso,Facilidade de acesso ao curso (proximidade, nota do Enem, bolsa, etc.),Indecisão: escolhi por não saber o que queria fazer",contribuicao-nao-importante,nao-pensei-sobre,nao-considerei,opcoes-limitadas,parentes-distantes,4,4,nao-tenho-certeza,,meninos,muito-interesse,valorizava-moderadamente,alguns-valorizavam,"Newton, Albert Einstein",feminino,sim-perdi,dificuldade-conteudo,sim-ja-senti,2,2,5,5,4,5
08/09/2025 08:26:43,genero-masculino,undergraduate,exatas,Ciência da Computação,superior-completo,publico-publico,sim-tempo-apoio,"brincar-esportes,ler-livros,jogar-videogame",depois-medio,sim-parcialmente,sim-principal-motivacao,"Influência de familiares (pais, responsáveis, parentes),Afinidade com a área / interesse pessoal pelos temas do curso,Identificação com o tipo de profissional que atua na área",contribuicao-nao-importante,alguma-influencia,retorno-demorado,opcoes-limitadas,parentes-distantes,5,5,sim,nao-desisti,meninos,algum-interesse,valorizava-muito,maioria-valorizava,Sílvio Meira,masculino,sim-perdi,dificuldade-conteudo,sim-ja-senti,2,2,4,2,1,4
08/09/2025 12:55:08,genero-masculino,undergraduate,exatas,Ciência da Computação,doutorado,privado-publico,as-vezes,"brincar-esportes,jogar-videogame",depois-medio,sim-parcialmente,sim-em-parte,"Afinidade com a área / interesse pessoal pelos temas do curso,Identificação com o tipo de profissional que atua na área,Influência de amigos(as) ou conhecidos(as) que também escolheram esse curso",contribuicao-nao-importante,alguma-influencia,nao-influenciou,opcoes-limitadas,primeiro-da-familia,5,5,sim,nao-desisti,meninos,muito-interesse,valorizava-moderadamente,tratavam-neutro,.,masculino,sim-perdi,dificuldade-conteudo,nao-nunca-senti,2,4,4,2,1,1
09/09/2025 08:23:29,genero-feminino,undergraduate,exatas,Engenharia de produção ,none,publico-publico,as-vezes,estudar-por-conta,desde-medio,sim-completamente,nao-muito,"Identificação com o tipo de profissional que atua na área,Expectativa de boa remuneração ou estabilidade financeira,Facilidade de acesso ao curso (proximidade, nota do Enem, bolsa, etc.)",contribuicao-importante,alguma-influencia,retorno-demorado,opcoes-limitadas,primeiro-da-familia,4,4,nao,,nao-diferenca,muito-interesse,valorizava-muito,maioria-valorizava,Não lembro.,feminino,sim-perdi,falta-apoio-familiar,sim-ja-senti,4,2,4,2,2,2
09/09/2025 08:23:44,genero-feminino,undergraduate,exatas,Engenharia de produção ,doutorado,privado-privado,sim-tempo-apoio,"brincar-esportes,desenhar-pintar,jogar-videogame",desde-medio,sim-completamente,sim-em-parte,"Afinidade com a área / interesse pessoal pelos temas do curso,Expectativa de boa remuneração ou estabilidade financeira,Influência de familiares (pais, responsáveis, parentes)",contribuicao-importante,alguma-influencia,nao-influenciou,nao-influenciou,mais-de-uma-pessoa,5,5,sim,nao-desisti,nao-diferenca,muito-interesse,valorizava-muito,alguns-valorizavam,Meu pai ,feminino,nao-perdi,nunca-afastado,nao-nunca-senti,3,2,1,2,1,5
09/09/2025 08:24:05,genero-masculino,undergraduate,exatas,Ciências da Computação ,superior-incompleto,publico-publico,as-vezes,"ler-livros,jogar-videogame,desenhar-pintar",depois-medio,sim-completamente,nao-muito,"Afinidade com a área / interesse pessoal pelos temas do curso,Expectativa de boa remuneração ou estabilidade financeira,Facilidade de acesso ao curso (proximidade, nota do Enem, bolsa, etc.)",nao-considero-importante,alguma-influencia,retorno-demorado,opcoes-limitadas,primeiro-da-familia,4,4,sim,nao-desisti,meninos,muito-interesse,valorizava-muito,maioria-valorizava,Grace Hooper ,ambos,sim-perdi,dificuldade-conteudo,sim-ja-senti,2,2,4,2,4,2
09/09/2025 08:27:19,genero-masculino,undergraduate,exatas,Ciência da Computação ,medio-completo,publico-publico,as-vezes,"brincar-esportes,jogar-videogame,desenhar-pintar,programar-montar",depois-medio,sim-parcialmente,sim-em-parte,"Afinidade com a área / interesse pessoal pelos temas do curso,Influência de familiares (pais, responsáveis, parentes),Expectativa de boa remuneração ou estabilidade financeira,Facilidade de acesso ao curso (proximidade, nota do Enem, bolsa, etc.),Pressão familiar para escolher determinada área",contribuicao-nao-importante,alguma-influencia,retorno-demorado,opcoes-limitadas,parentes-distantes,5,5,sim,dificuldade-exatas,meninos,pouco-interesse,valorizava-moderadamente,poucos-valorizavam,.,nenhum,sim-perdi,dificuldade-conteudo,sim-ja-senti,1,4,5,2,4,4
09/09/2025 08:28:03,genero-masculino,undergraduate,exatas,Ciência da Computação,medio-completo,publico-publico,as-vezes,"jogar-videogame,brincar-esportes",depois-medio,sim-parcialmente,nao-baseado-no-que-queria,"Afinidade com a área / interesse pessoal pelos temas do curso,Facilidade de acesso ao curso (proximidade, nota do Enem, bolsa, etc.),Expectativa de boa remuneração ou estabilidade financeira,Escolhi por já ter experiências anteriores (ex: curso técnico, estágio, trabalho)",contribuicao-nao-importante,alguma-influencia,retorno-demorado,opcoes-limitadas,parentes-distantes,5,5,sim,nao-desisti,nao-diferenca,algum-interesse,valorizava-eventualmente,alguns-valorizavam,Steven Hodgkins,ambos,sim-perdi,experiencias-negativas,nao-nunca-senti,3,3,5,1,1,3
09/09/2025 08:28:55,genero-masculino,undergraduate,exatas,Engenharia de produção ,medio-completo,publico-publico,sim-tempo-apoio,desenhar-pintar,depois-medio,sim-parcialmente,nao-baseado-no-que-queria,"Afinidade com a área / interesse pessoal pelos temas do curso,Expectativa de boa remuneração ou estabilidade financeira,Facilidade de acesso ao curso (proximidade, nota do Enem, bolsa, etc.)",contribuicao-importante,alguma-influencia,retorno-demorado,opcoes-limitadas,primeiro-da-familia,5,5,nao-tenho-certeza,,meninos,muito-interesse,valorizava-moderadamente,alguns-valorizavam,Isaac Newton,ambos,nao-perdi,nunca-afastado,nao-nunca-senti,3,3,4,3,3,3
09/09/2025 08:34:07,genero-masculino,undergraduate,exatas,Bacharelado em ciência da computação,fundamental-completo,publico-publico,as-vezes,"brincar-esportes,jogar-videogame,desenhar-pintar",depois-medio,nao-sabia,nao-baseado-no-que-queria,"Expectativa de boa remuneração ou estabilidade financeira,Afinidade com a área / interesse pessoal pelos temas do curso,Facilidade de acesso ao curso (proximidade, nota do Enem, bolsa, etc.)",contribuicao-nao-importante,principal-fator,retorno-demorado,falta-opcoes,primeiro-da-familia,3,4,sim,nao-desisti,nao-diferenca,algum-interesse,valorizava-muito,maioria-valorizava,.,ambos,sim-perdi,nao-era-pra-mim,sim-ja-senti,4,3,5,3,4,2
09/09/2025 08:34:23,genero-masculino,undergraduate,exatas,Ciências da computação ,superior-completo,privado-publico,as-vezes,"brincar-esportes,jogar-videogame,programar-montar",depois-medio,sim-parcialmente,sim-principal-motivacao,"Identificação com o tipo de profissional que atua na área,Afinidade com a área / interesse pessoal pelos temas do curso,Influência de amigos(as) ou conhecidos(as) que também escolheram esse curso,Expectativa de boa remuneração ou estabilidade financeira,Facilidade de acesso ao curso (proximidade, nota do Enem, bolsa, etc.)",contribuicao-nao-importante,alguma-influencia,nao-influenciou,opcoes-limitadas,uma-pessoa-proxima,5,4,sim,dificuldade-exatas,meninos,algum-interesse,valorizava-muito,alguns-valorizavam,.,ambos,sim-perdi,falta-oportunidades,nao-nunca-senti,2,2,4,3,1,1
09/09/2025 08:38:44,genero-feminino,undergraduate,exatas,Ciência da Computação ,medio-completo,privado-publico,sim-tempo-apoio,"ler-livros,jogar-videogame,desenhar-pintar,programar-montar",depois-medio,sim-parcialmente,nao-muito,"Identificação com o tipo de profissional que atua na área,Afinidade com a área / interesse pessoal pelos temas do curso,Expectativa de boa remuneração ou estabilidade financeira",contribuicao-nao-importante,principal-fator,retorno-demorado,nao-influenciou,primeiro-da-familia,4,4,sim,nao-desisti,meninos,muito-interesse,valorizava-muito,maioria-valorizava,Katherine Johnson,ambos,sim-perdi,nao-era-pra-mim,sim-ja-senti,3,2,5,2,2,3
09/09/2025 09:57:50,genero-feminino,undergraduate,exatas,Ciências da computação ,medio-completo,publico-publico,as-vezes,"brincar-esportes,estudar-por-conta",depois-medio,sim-parcialmente,sim-principal-motivacao,"Influência de familiares (pais, responsáveis, parentes),Expectativa de boa remuneração ou estabilidade financeira,Influência de amigos(as) ou conhecidos(as) que também escolheram esse curso",contribuicao-nao-importante,principal-fator,retorno-demorado,opcoes-limitadas,uma-pessoa-proxima,4,4,sim,nao-desisti,meninas,algum-interesse,valorizava-moderadamente,alguns-valorizavam,.,masculino,sim-perdi,dificuldade-conteudo,sim-ja-senti,3,3,5,2,1,4
09/09/2025 10:14:49,genero-masculino,undergraduate,exatas,Engenharia de Produção ,superior-incompleto,publico-publico,nao-raremente,"ler-livros,jogar-videogame,estudar-por-conta",nao-primeira-opcao,sim-parcialmente,sim-em-parte,"Facilidade de acesso ao curso (proximidade, nota do Enem, bolsa, etc.),Poucas opções disponíveis no momento da escolha,Influência de familiares (pais, responsáveis, parentes)",contribuicao-importante,alguma-influencia,nao-influenciou,falta-opcoes,parentes-distantes,4,4,sim,nao-desisti,meninos,algum-interesse,valorizava-muito,maioria-valorizava,.,ambos,nao-perdi,experiencias-negativas,sim-ja-senti,2,2,2,2,2,4
09/09/2025 10:17:08,genero-masculino,undergraduate,exatas,Ciências da computação ,superior-completo,publico-publico,sim-tempo-apoio,"ler-livros,jogar-videogame,brincar-esportes",desde-medio,sim-completamente,nao-baseado-no-que-queria,"Afinidade com a área / interesse pessoal pelos temas do curso,Expectativa de boa remuneração ou estabilidade financeira,Facilidade de acesso ao curso (proximidade, nota do Enem, bolsa, etc.),Influência de amigos(as) ou conhecidos(as) que também escolheram esse curso",contribuicao-importante,alguma-influencia,retorno-rapido,nao-influenciou,primeiro-da-familia,5,5,sim,nao-desisti,meninos,muito-interesse,valorizava-muito,alguns-valorizavam,.,masculino,sim-perdi,nunca-afastado,nao-nunca-senti,2,1,4,4,1,1
09/09/2025 10:55:24,genero-masculino,undergraduate,exatas,Ciencia da computação ,medio-completo,publico-publico,as-vezes,"ler-livros,jogar-videogame,estudar-por-conta",depois-medio,sim-parcialmente,nao-baseado-no-que-queria,"Afinidade com a área / interesse pessoal pelos temas do curso,Identificação com o tipo de profissional que atua na área",contribuicao-nao-importante,alguma-influencia,retorno-demorado,opcoes-limitadas,primeiro-da-familia,4,4,sim,nao-desisti,nao-diferenca,muito-interesse,valorizava-moderadamente,alguns-valorizavam,. ,masculino,nao-perdi,falta-oportunidades,nao-nunca-senti,3,3,3,2,1,1
09/09/2025 11:10:21,genero-feminino,undergraduate,sociais,administração,medio-completo,publico-publico,as-vezes,"ler-livros,brincar-esportes,desenhar-pintar,programar-montar",nao-primeira-opcao,sim-parcialmente,nao-muito,"Facilidade de acesso ao curso (proximidade, nota do Enem, bolsa, etc.),Afinidade com a área / interesse pessoal pelos temas do curso,Escolhi por já ter experiências anteriores (ex: curso técnico, estágio, trabalho)",contribuicao-nao-importante,alguma-influencia,nao-influenciou,opcoes-limitadas,parentes-distantes,5,5,sim,questoes-financeiras,nao-diferenca,muito-interesse,valorizava-eventualmente,poucos-valorizavam,.,feminino,sim-perdi,falta-apoio-familiar,sim-ja-senti,4,3,3,2,1,1
09/09/2025 11:29:19,genero-feminino,undergraduate,exatas,Engenharia de Produção ,superior-incompleto,privado-privado,sim-tempo-apoio,"brincar-esportes,desenhar-pintar",desde-medio,sim-completamente,nao-baseado-no-que-queria,"Afinidade com a área / interesse pessoal pelos temas do curso,Expectativa de boa remuneração ou estabilidade financeira,Influência de amigos(as) ou conhecidos(as) que também escolheram esse curso",contribuicao-importante,alguma-influencia,retorno-rapido,falta-opcoes,mais-de-uma-pessoa,4,4,sim,nao-desisti,meninos,algum-interesse,valorizava-moderadamente,alguns-valorizavam,.,feminino,sim-perdi,nao-era-pra-mim,sim-ja-senti,4,4,3,3,1,1
09/09/2025 11:35:24,genero-masculino,undergraduate,exatas,Ciências da computação ,superior-completo,privado-privado,as-vezes,"brincar-esportes,jogar-videogame,programar-montar",desde-medio,sim-parcialmente,nao-baseado-no-que-queria,"Identificação com o tipo de profissional que atua na área,Afinidade com a área / interesse pessoal pelos temas do curso,Expectativa de boa remuneração ou estabilidade financeira",contribuicao-nao-importante,alguma-influencia,retorno-demorado,opcoes-limitadas,parentes-distantes,4,4,sim,nao-desisti,meninas,muito-interesse,valorizava-eventualmente,poucos-valorizavam,.,masculino,nunca-tive-interesse,nunca-afastado,nunca-pensei,2,2,4,3,2,4
09/09/2025 11:37:25,genero-feminino,undergraduate,exatas,Engenharia de produção ,superior-incompleto,publico-publico,nao-raremente,"ler-livros,brincar-esportes",nao-primeira-opcao,sim-parcialmente,nao-baseado-no-que-queria,"Expectativa de boa remuneração ou estabilidade financeira,Facilidade de acesso ao curso (proximidade, nota do Enem, bolsa, etc.),Poucas opções disponíveis no momento da escolha,Indecisão: escolhi por não saber o que queria fazer,Influência de amigos(as) ou conhecidos(as) que também escolheram esse curso",contribuicao-nao-importante,alguma-influencia,retorno-demorado,falta-opcoes,primeiro-da-familia,5,5,sim,nao-desisti,meninos,muito-interesse,valorizava-moderadamente,alguns-valorizavam," "" . """,ambos,sim-perdi,dificuldade-conteudo,sim-ja-senti,3,3,5,3,1,1
09/09/2025 11:46:25,genero-masculino,undergraduate,exatas,Ciência da computação ,mestrado,privado-privado,sim-tempo-apoio,"ler-livros,brincar-esportes,jogar-videogame",desde-fundamental,sim-completamente,nao-baseado-no-que-queria,"Afinidade com a área / interesse pessoal pelos temas do curso,Expectativa de boa remuneração ou estabilidade financeira,Influência de amigos(as) ou conhecidos(as) que também escolheram esse curso",contribuicao-nao-importante,alguma-influencia,retorno-demorado,nao-influenciou,parentes-distantes,5,5,sim,nao-desisti,meninos,muito-interesse,valorizava-eventualmente,alguns-valorizavam,. ,masculino,nao-perdi,experiencias-negativas,nao-nunca-senti,2,2,5,4,1,2
09/09/2025 12:55:52,genero-masculino,undergraduate,exatas,Engenharia de produção ,pos,publico-publico,as-vezes,"jogar-videogame,programar-montar,brincar-esportes",depois-medio,sim-completamente,nao-muito,"Facilidade de acesso ao curso (proximidade, nota do Enem, bolsa, etc.),Poucas opções disponíveis no momento da escolha,Indecisão: escolhi por não saber o que queria fazer",contribuicao-importante,alguma-influencia,nao-considerei,falta-opcoes,mais-de-uma-pessoa,5,5,sim,nao-desisti,meninos,muito-interesse,valorizava-muito,maioria-valorizava,Drs. Elaine Rocha e Nildo Cassundé,ambos,nao-perdi,nao-era-pra-mim,nao-nunca-senti,2,2,3,2,2,2
09/09/2025 15:35:02,genero-masculino,undergraduate,sociais,Administração ,superior-completo,privado-publico,raramente-responsabilidades,"ler-livros,jogar-videogame",nao-primeira-opcao,sim-parcialmente,nao-baseado-no-que-queria,"Identificação com o tipo de profissional que atua na área,Afinidade com a área / interesse pessoal pelos temas do curso,Facilidade de acesso ao curso (proximidade, nota do Enem, bolsa, etc.),Indecisão: escolhi por não saber o que queria fazer,Escolhi por já ter experiências anteriores (ex: curso técnico, estágio, trabalho),Influência de amigos(as) ou conhecidos(as) que também escolheram esse curso,Influência de familiares (pais, responsáveis, parentes),Poucas opções disponíveis no momento da escolha,Expectativa de boa remuneração ou estabilidade financeira,Pressão familiar para escolher determinada área",contribuicao-nao-importante,nao-influenciou,retorno-demorado,falta-opcoes,parentes-distantes,3,4,sim,questoes-financeiras,meninos,algum-interesse,nao-demonstrava-interesse,alguns-valorizavam,.,ambos,sim-perdi,experiencias-negativas,sim-ja-senti,3,3,3,2,2,4
09/09/2025 16:18:56,genero-masculino,undergraduate,exatas,Engenharia de Produção ,superior-completo,privado-publico,sim-tempo-apoio,"brincar-esportes,jogar-videogame,estudar-por-conta",depois-medio,sim-completamente,nao-baseado-no-que-queria,Identificação com o tipo de profissional que atua na área,contribuicao-importante,alguma-influencia,retorno-demorado,opcoes-limitadas,primeiro-da-familia,5,5,sim,nao-desisti,meninos,muito-interesse,valorizava-muito,tratavam-neutro,. ,masculino,nao-perdi,nunca-afastado,nunca-pensei,3,2,5,1,3,3
09/09/2025 16:29:59,genero-feminino,undergraduate,sociais,Administração ,fundamental-completo,publico-publico,sim-tempo-apoio,"ler-livros,brincar-esportes",desde-medio,sim-completamente,nao-muito,"Afinidade com a área / interesse pessoal pelos temas do curso,Identificação com o tipo de profissional que atua na área,Expectativa de boa remuneração ou estabilidade financeira",contribuicao-nao-importante,alguma-influencia,nao-influenciou,opcoes-limitadas,parentes-distantes,2,2,nao,,nao-diferenca,pouco-interesse,valorizava-moderadamente,poucos-valorizavam,.,feminino,sim-perdi,dificuldade-conteudo,sim-ja-senti,3,3,5,2,1,3
09/09/2025 18:30:27,genero-masculino,undergraduate,exatas,Ciências da computação ,medio-completo,privado-publico,sim-tempo-apoio,"brincar-esportes,jogar-videogame",depois-medio,sim-completamente,nao-baseado-no-que-queria,"Expectativa de boa remuneração ou estabilidade financeira,Afinidade com a área / interesse pessoal pelos temas do curso,Identificação com o tipo de profissional que atua na área",contribuicao-importante,alguma-influencia,retorno-demorado,opcoes-limitadas,primeiro-da-familia,4,4,nao-tenho-certeza,,meninos,muito-interesse,valorizava-moderadamente,tratavam-neutro,.,ambos,sim-perdi,nunca-afastado,sim-ja-senti,2,3,5,2,2,4
10/09/2025 14:21:17,genero-masculino,undergraduate,exatas,Ciência da Computação ,superior-completo,publico-publico,as-vezes,"jogar-videogame,brincar-esportes",nao-primeira-opcao,nao-sabia,nao-muito,"Identificação com o tipo de profissional que atua na área,Expectativa de boa remuneração ou estabilidade financeira,Facilidade de acesso ao curso (proximidade, nota do Enem, bolsa, etc.),Afinidade com a área / interesse pessoal pelos temas do curso,Poucas opções disponíveis no momento da escolha",contribuicao-nao-importante,principal-fator,retorno-demorado,opcoes-limitadas,primeiro-da-familia,4,4,nao-tenho-certeza,,nao-diferenca,algum-interesse,valorizava-muito,alguns-valorizavam,Alan Turing,ambos,sim-perdi,dificuldade-conteudo,sim-ja-senti,2,3,5,1,1,1
10/09/2025 20:03:14,genero-masculino,undergraduate,exatas,Ciência da computação,superior-incompleto,privado-publico,raramente-responsabilidades,"programar-montar,brincar-esportes,jogar-videogame",desde-medio,sim-completamente,nao-baseado-no-que-queria,"Afinidade com a área / interesse pessoal pelos temas do curso,Identificação com o tipo de profissional que atua na área,Escolhi por já ter experiências anteriores (ex: curso técnico, estágio, trabalho)",contribuicao-nao-importante,alguma-influencia,retorno-demorado,opcoes-limitadas,primeiro-da-familia,5,5,sim,poucas-oportunidades,meninos,muito-interesse,valorizava-muito,alguns-valorizavam,Valdigleis,masculino,nao-perdi,nunca-afastado,nunca-pensei,3,3,5,1,1,5
10/09/2025 22:15:29,genero-masculino,undergraduate,exatas,Ciências da Computação ,medio-completo,privado-publico,sim-tempo-apoio,"brincar-esportes,jogar-videogame",nao-primeira-opcao,sim-completamente,nao-baseado-no-que-queria,Afinidade com a área / interesse pessoal pelos temas do curso,contribuicao-nao-importante,alguma-influencia,retorno-demorado,falta-opcoes,parentes-distantes,5,5,sim,nao-desisti,nao-diferenca,muito-interesse,nao-demonstrava-interesse,desempenho-ignorado,Felipe Guisoli,masculino,sim-perdi,experiencias-negativas,sim-ja-senti,1,1,4,5,5,5
11/09/2025 21:10:42,genero-masculino,undergraduate,exatas,Ciência da computação ,superior-completo,privado-publico,as-vezes,brincar-esportes,depois-medio,sim-parcialmente,nao-baseado-no-que-queria,"Identificação com o tipo de profissional que atua na área,Afinidade com a área / interesse pessoal pelos temas do curso",contribuicao-nao-importante,alguma-influencia,nao-influenciou,opcoes-limitadas,primeiro-da-familia,4,4,nao-tenho-certeza,,meninos,pouco-interesse,valorizava-moderadamente,poucos-valorizavam,Gustavo Guanabara ,ambos,sim-perdi,experiencias-negativas,sim-ja-senti,2,3,3,5,4,4
12/09/2025 10:48:31,genero-feminino,undergraduate,exatas,Engenharia de Produção ,superior-completo,privado-publico,sim-tempo-apoio,"brincar-esportes,desenhar-pintar",nao-primeira-opcao,sim-completamente,sim-principal-motivacao,"Influência de amigos(as) ou conhecidos(as) que também escolheram esse curso,Expectativa de boa remuneração ou estabilidade financeira,Facilidade de acesso ao curso (proximidade, nota do Enem, bolsa, etc.)",contribuicao-importante,principal-fator,retorno-rapido,nao-influenciou,mais-de-uma-pessoa,5,5,sim,dificuldade-exatas,nao-diferenca,pouco-interesse,valorizava-muito,maioria-valorizava,.,feminino,sim-perdi,dificuldade-conteudo,sim-ja-senti,1,3,5,1,1,1
12/09/2025 12:51:13,genero-masculino,undergraduate,exatas,Ciência da Computação ,superior-completo,privado-publico,sim-tempo-apoio,"jogar-videogame,ler-livros,desenhar-pintar,brincar-esportes",nao-primeira-opcao,sim-parcialmente,nao-baseado-no-que-queria,"Facilidade de acesso ao curso (proximidade, nota do Enem, bolsa, etc.),Poucas opções disponíveis no momento da escolha,Indecisão: escolhi por não saber o que queria fazer,Expectativa de boa remuneração ou estabilidade financeira,Identificação com o tipo de profissional que atua na área,Afinidade com a área / interesse pessoal pelos temas do curso",contribuicao-nao-importante,alguma-influencia,nao-considerei,opcoes-limitadas,primeiro-da-familia,4,5,sim,nao-desisti,nao-diferenca,algum-interesse,valorizava-moderadamente,poucos-valorizavam,"Felipe Guisoli, Richard Feynman",masculino,sim-perdi,dificuldade-conteudo,sim-ja-senti,3,2,4,3,1,3
18/09/2025 11:47:36,genero-masculino,undergraduate,exatas,Sistemas para Internet,superior-completo,publico-publico,as-vezes,"jogar-videogame,ler-livros,desenhar-pintar,programar-montar",depois-medio,sim-parcialmente,sim-principal-motivacao,"Afinidade com a área / interesse pessoal pelos temas do curso,Influência de familiares (pais, responsáveis, parentes),Facilidade de acesso ao curso (proximidade, nota do Enem, bolsa, etc.),Escolhi por já ter experiências anteriores (ex: curso técnico, estágio, trabalho)",contribuicao-nao-importante,alguma-influencia,nao-influenciou,nao-influenciou,primeiro-da-familia,4,4,sim,nao-desisti,meninos,pouco-interesse,nao-demonstrava-interesse,alguns-valorizavam,.,feminino,sim-perdi,nao-era-pra-mim,sim-ja-senti,2,3,2,2,1,4
18/09/2025 14:45:36,genero-masculino,undergraduate,exatas,SISTEMAS,superior-incompleto,publico-publico,sim-tempo-apoio,"brincar-esportes,jogar-videogame,desenhar-pintar,ler-livros",desde-medio,sim-parcialmente,sim-em-parte,Afinidade com a área / interesse pessoal pelos temas do curso,contribuicao-nao-importante,alguma-influencia,retorno-demorado,opcoes-limitadas,primeiro-da-familia,4,4,sim,nao-desisti,nao-diferenca,algum-interesse,valorizava-moderadamente,alguns-valorizavam,.,masculino,sim-perdi,dificuldade-conteudo,sim-ja-senti,2,3,3,4,2,2
19/09/2025 20:52:13,genero-masculino,undergraduate,exatas,Sistemas para Internet,superior-incompleto,publico-publico,as-vezes,"jogar-videogame,estudar-por-conta",nao-primeira-opcao,nao-sabia,nao-baseado-no-que-queria,"Poucas opções disponíveis no momento da escolha,Afinidade com a área / interesse pessoal pelos temas do curso,Expectativa de boa remuneração ou estabilidade financeira",contribuicao-nao-importante,alguma-influencia,nao-influenciou,falta-opcoes,primeiro-da-familia,3,5,sim,nao-desisti,meninos,muito-interesse,nao-demonstrava-interesse,alguns-valorizavam,Nikola Tesla,masculino,nao-perdi,nunca-afastado,nunca-pensei,1,1,3,3,1,1
25/09/2025 10:30:43,genero-masculino,undergraduate,exatas,Engenheiro de produção ,superior-completo,publico-publico,as-vezes,"jogar-videogame,brincar-esportes",nao-primeira-opcao,nao-sabia,nao-baseado-no-que-queria,"Facilidade de acesso ao curso (proximidade, nota do Enem, bolsa, etc.),Poucas opções disponíveis no momento da escolha,Expectativa de boa remuneração ou estabilidade financeira",contribuicao-nao-importante,nao-pensei-sobre,nao-considerei,falta-opcoes,uma-pessoa-proxima,5,5,sim,nao-desisti,meninos,muito-interesse,valorizava-muito,alguns-valorizavam,.,nenhum,sim-perdi,experiencias-negativas,nao-nunca-senti,1,1,4,1,3,3
25/09/2025 10:32:37,genero-masculino,undergraduate,exatas,Engenharia de produção ,medio-completo,publico-publico,as-vezes,brincar-esportes,depois-medio,sim-completamente,nao-muito,"Identificação com o tipo de profissional que atua na área,Expectativa de boa remuneração ou estabilidade financeira,Facilidade de acesso ao curso (proximidade, nota do Enem, bolsa, etc.)",contribuicao-importante,alguma-influencia,retorno-demorado,opcoes-limitadas,mais-de-uma-pessoa,5,5,nao-tenho-certeza,,meninas,algum-interesse,valorizava-eventualmente,desempenho-ignorado,. ,ambos,sim-perdi,nao-era-pra-mim,sim-ja-senti,3,4,5,4,4,4
25/09/2025 10:38:54,genero-masculino,undergraduate,exatas,Engenharia de Produção ,medio-completo,privado-publico,sim-tempo-apoio,"brincar-esportes,jogar-videogame,desenhar-pintar",nao-primeira-opcao,sim-completamente,nao-baseado-no-que-queria,"Facilidade de acesso ao curso (proximidade, nota do Enem, bolsa, etc.),Indecisão: escolhi por não saber o que queria fazer,Identificação com o tipo de profissional que atua na área,Afinidade com a área / interesse pessoal pelos temas do curso",contribuicao-nao-importante,alguma-influencia,retorno-rapido,falta-opcoes,primeiro-da-familia,5,5,nao-tenho-certeza,,nao-diferenca,muito-interesse,valorizava-moderadamente,maioria-valorizava,.,nenhum,sim-perdi,dificuldade-conteudo,sim-ja-senti,2,2,4,2,4,2
25/09/2025 10:45:00,genero-feminino,undergraduate,exatas,Engenharia de produção ,none,publico-publico,raramente-responsabilidades,"desenhar-pintar,estudar-por-conta,jogar-videogame,brincar-esportes,ler-livros",nao-primeira-opcao,sim-parcialmente,nao-baseado-no-que-queria,"Facilidade de acesso ao curso (proximidade, nota do Enem, bolsa, etc.),Poucas opções disponíveis no momento da escolha,Indecisão: escolhi por não saber o que queria fazer,Escolhi por já ter experiências anteriores (ex: curso técnico, estágio, trabalho),Expectativa de boa remuneração ou estabilidade financeira",contribuicao-nao-importante,alguma-influencia,nao-considerei,falta-opcoes,primeiro-da-familia,4,4,sim,poucas-oportunidades,meninos,algum-interesse,nao-demonstrava-interesse,alguns-valorizavam,albert einstein,ambos,sim-perdi,experiencias-negativas,sim-ja-senti,3,3,1,4,5,5
26/09/2025 20:37:01,genero-masculino,undergraduate,exatas,Sistema Para Internet,fundamental-incompleto,publico-publico,as-vezes,"brincar-esportes,estudar-por-conta",depois-medio,sim-parcialmente,nao-baseado-no-que-queria,"Afinidade com a área / interesse pessoal pelos temas do curso,Expectativa de boa remuneração ou estabilidade financeira,Identificação com o tipo de profissional que atua na área",contribuicao-importante,alguma-influencia,nao-considerei,nao-influenciou,primeiro-da-familia,5,5,sim,nao-desisti,meninos,muito-interesse,valorizava-moderadamente,maioria-valorizava,Isaac Newton,feminino,nao-perdi,nunca-afastado,nao-nunca-senti,3,2,3,1,1,1
